id,status,source,url,posted_at,price_eur,rooms,area_m2,phones,usernames,notes,text,translation_ru
0951fac3cf,filtered,telegram:novisad_stan,https://t.me/novisad_stan/43305,2026-10-01T13:02:26+00:00,500.0,,,38163498146,,цена 500€ > 450€,"Квартира в новостройке, Ćirila i Metodija
42 м², 1 этаж.
Кухня полностью оборудована всей необходимой техникой.
В квартире есть кладовая.
В стоимость также входит гаражное место с дополнительной кладовой.
Новостройка.

💶 Аренда: 500 € / месяц, включая гаражное место

📍 Локация: Ćirila i Metodija 68 https://maps.app.goo.gl/xZt8GZBAda7fDnKD7

📞 Контакт: +38163498146",
c633c2c77c,filtered,telegram:novisad_stan,https://t.me/novisad_stan/43315,2026-10-01T13:24:58+00:00,,2.5,,,Rental_in_NoviSad,комнат 2.5; стоп-фактор: short_term_only,"Сдам ПОСУТОЧНО (до нескольких недель) 2,5-комн квартиру в центре Нови Сада в уникальном новом доме класса люкс. Высокий первый этаж (по-сербски приземлье)
В квартире: гостиная с кухней + две спальни, балкон. На кухне новый кухонный гарнитур, сделанный под заказ и укомплектованный посудомоечной машиной. 
- Отличная локация: выход из тихого двора сразу на Булевар Ослобождения, центральный рынок в 2х минутах ходьбы
- Полная комплектация для комфортного проживания
- Достаточный выбор спальных мест (большой раскладной диван в гостиной, 2-спальная кровать в первой спальне и раскладной диван во второй спальне)
- Быстрый интернет, рабочий стол
- Белый картон с печатью из полиции
Цена зависит от срока аренды.

📍Локация: трг Коменског, дом 4 https://maps.app.goo.gl/YZHZF7N4HXdEaj5p8

Пожалуйста, пишите в личку: @Rental_in_NoviSad",
0800bb89a6,filtered,telegram:novisad_stan,https://t.me/novisad_stan/43325,2026-10-01T13:26:36+00:00,500000.0,,,,IrinaA_Serbia,цена 500000€ > 450€,"Мечтаете о квартире в Белграде, но бюджет пока не дотягивает? Не откладывайте мечту на потом - в Сербии ипотека доступнее, чем в РФ!

📌 Условия, которые вдохновляют:

✔️Срок - до 30 лет
✔️Ставка - 4.50%
✔️Первоначальный взнос - 20%
✔️Сумма кредита - до 500.000 €

Наше агентство вам поможет! 

✔️ Вместе идём на консультацию с нашим кредитным менеджером в банк
✔️ Помогаем со сбором и подачей необходимых документов
✔️ Держим связь с банком на всех этапах
✔️ Сопровождаем до сделки у нотариуса

Прямо сейчас свяжитесь с нашим оператором и уточните доступна ли ипотека для Вас уже сегодня:
@IrinaA_Serbia",
2b3ed8c10c,new,telegram:novisad_stan,https://t.me/novisad_stan/43327,2026-10-01T15:43:29+00:00,300.0,1.0,,381604400058,,уточнить: internet; уточнить: stove; уточнить: fridge; желаемый район: Detelinara,"Студия на Stara Detelinara, Novi Sad

26 м², 1 этаж.
Отдельная кухня, терраса.
Квартира оборудована SBB, кондиционером, проточным водонагревателем и центральным отоплением.
Сдаётся одному работающему человеку.

💶 Аренда: 300 € / месяц + коммунальные расходы
🔑 Депозит: 300 €

📍 Локация: Starine Novaka, Stara Detelinara, Нови-Сад
https://maps.app.goo.gl/p4tn4TzMdykEYemR9

📞 Контакт: Željko Kostić — +381604400058",
9e1dcac35c,filtered,telegram:novisad_stan,https://t.me/novisad_stan/43335,2026-10-02T08:19:51+00:00,650.0,1.0,,381600953525;381607029489,,цена 650€ > 450€,"Однокомнатная квартира, Rotkvarija, Novi Sad

35 м², 2 этаж из 5, лифт.
Полностью отремонтирована и оборудована новой мебелью и техникой.
Есть интернет, TV, кондиционер, стиральная и посудомоечная машины, холодильник, микроволновая печь, плита, кровать, шкафы.
Центральное отопление.
Восточная ориентация, вид на улицу.
1 парковочное место во дворе здания.
Оптоволоконный интернет.
Не курить, домашние животные не разрешены.
Подходит для одного человека или пары.
Сдаётся на длительный срок.
Заселение сразу.

💶 Аренда: 650 € / месяц + коммунальные расходы
🔑 Депозит: 650 €

📍 Локация: Kraljevića Marka 9, Rotkvarija, Novi Sad
https://maps.app.goo.gl/f7smMomi41HhdRNo9

📞 Контакт: +381600953525 / +381607029489 (Viber)",
0641b66296,filtered,telegram:novisad_stan,https://t.me/novisad_stan/43342,2026-10-02T09:14:17+00:00,1500.0,,,381614265191;381629769602;381637870995,,цена 1500€ > 450€,"Сдается в аренду сразу же, въезжайте, привлекательная двухэтажная квартира площадью 116 м2, специально построенная для двух человек, на четвертом этаже здания с лифтом, центральным газовым отоплением, двумя кроватями, двумя кондиционерами, двумя террасами, двумя спальнями + гардеробной, одной ванной комнатой, одним туалетом и полным комплектом бытовой техники: посудомоечная машина, стиральная машина, сушилка, холодильник с морозильной камерой, холодильник с морозильной камерой, микроволновая печь, посуда, столовые приборы, два телевизора, постельное белье.

Аренда 1500 евро (желательно за 6 месяцев вперед) + залог в размере арендной платы.

Квартира сдается некурящим лицам без домашних животных.

📍Локация: Нови-Сад, Поселок Юговичево, Бошка Петровича, св. 3 https://maps.app.goo.gl/oCGWuz62ufuZnkMq6

📞Контактный телефон: +381614265191
 ☎️ телефон : +381629769602 (русскоговорящий )
📲 Viber: +381637870995",
